path,participant_id,sequence_id,sign
train_landmark_files/26734-1000035562.pt,26734,1000035562,blow
train_landmark_files/28656-1000106739.pt,28656,1000106739,wait
train_landmark_files/16069-100015657.pt,16069,100015657,cloud
train_landmark_files/25571-1000210073.pt,25571,1000210073,bird
train_landmark_files/62590-1000240708.pt,62590,1000240708,owie
train_landmark_files/26734-1000241583.pt,26734,1000241583,duck
train_landmark_files/26734-1000255522.pt,26734,1000255522,minemy
train_landmark_files/32319-1000278229.pt,32319,1000278229,lips
train_landmark_files/37055-100035691.pt,37055,100035691,flower
train_landmark_files/29302-100039661.pt,29302,100039661,time
train_landmark_files/49445-1000397667.pt,49445,1000397667,vacuum
train_landmark_files/36257-1000536928.pt,36257,1000536928,apple
train_landmark_files/22343-1000638205.pt,22343,1000638205,puzzle
train_landmark_files/26734-1000661926.pt,26734,1000661926,mitten
train_landmark_files/27610-1000697904.pt,27610,1000697904,there
train_landmark_files/28656-1000862366.pt,28656,1000862366,dry
train_landmark_files/61333-1000909322.pt,61333,1000909322,shirt
train_landmark_files/27610-1000956928.pt,27610,1000956928,owl
train_landmark_files/26734-1001145816.pt,26734,1001145816,yellow
train_landmark_files/28656-1001158776.pt,28656,1001158776,time
train_landmark_files/22343-1001223069.pt,22343,1001223069,not
train_landmark_files/32319-1001258102.pt,32319,1001258102,zipper
train_landmark_files/26734-1001284511.pt,26734,1001284511,clean
train_landmark_files/53618-1001363076.pt,53618,1001363076,closet
train_landmark_files/34503-100137027.pt,34503,100137027,quiet
train_landmark_files/18796-1001373962.pt,18796,1001373962,have
train_landmark_files/53618-1001379621.pt,53618,1001379621,brother
train_landmark_files/4718-1001385785.pt,4718,1001385785,clown
train_landmark_files/55372-1001471195.pt,55372,1001471195,cheek
train_landmark_files/53618-1001490690.pt,53618,1001490690,cute
train_landmark_files/49445-1001499433.pt,49445,1001499433,store
train_landmark_files/36257-1001560021.pt,36257,1001560021,shoe
train_landmark_files/26734-1001589428.pt,26734,1001589428,wet
train_landmark_files/53618-1001611718.pt,53618,1001611718,shirt
train_landmark_files/18796-1001682966.pt,18796,1001682966,see
train_landmark_files/34503-1001685690.pt,34503,1001685690,empty
train_landmark_files/29302-1001705639.pt,29302,1001705639,fall
train_landmark_files/61333-1001819372.pt,61333,1001819372,balloon
train_landmark_files/28656-1001832755.pt,28656,1001832755,frenchfries
train_landmark_files/53618-1001896056.pt,53618,1001896056,finger
train_landmark_files/36257-1001899025.pt,36257,1001899025,same
train_landmark_files/53618-100190623.pt,53618,100190623,cry
train_landmark_files/36257-1001911914.pt,36257,1001911914,hungry
train_landmark_files/28656-1001913464.pt,28656,1001913464,owl
train_landmark_files/28656-1001919956.pt,28656,1001919956,orange
train_landmark_files/26734-1001931356.pt,26734,1001931356,cloud
train_landmark_files/2044-1001950812.pt,2044,1001950812,milk
train_landmark_files/32319-1001958254.pt,32319,1001958254,go
train_landmark_files/26734-1002003043.pt,26734,1002003043,store
train_landmark_files/49445-1002020383.pt,49445,1002020383,drawer
train_landmark_files/61333-1002052130.pt,61333,1002052130,TV
train_landmark_files/62590-1002055891.pt,62590,1002055891,dry
train_landmark_files/2044-1002091184.pt,2044,1002091184,duck
train_landmark_files/2044-1002092995.pt,2044,1002092995,blow
train_landmark_files/16069-1002113535.pt,16069,1002113535,another
train_landmark_files/55372-1002129762.pt,55372,1002129762,giraffe
train_landmark_files/62590-1002160015.pt,62590,1002160015,wake
train_landmark_files/62590-1002203166.pt,62590,1002203166,bee
train_landmark_files/26734-100225301.pt,26734,100225301,bad
train_landmark_files/29302-1002284514.pt,29302,1002284514,can
train_landmark_files/28656-1002298936.pt,28656,1002298936,flower
train_landmark_files/55372-100230619.pt,55372,100230619,say
train_landmark_files/28656-1002340281.pt,28656,1002340281,callonphone
train_landmark_files/26734-1002456370.pt,26734,1002456370,finish
train_landmark_files/37779-1002526690.pt,37779,1002526690,bee
train_landmark_files/28656-1002619089.pt,28656,1002619089,old
train_landmark_files/18796-1002643353.pt,18796,1002643353,backyard
train_landmark_files/26734-1002667538.pt,26734,1002667538,sick
train_landmark_files/62590-1002711645.pt,62590,1002711645,look
train_landmark_files/55372-1002734054.pt,55372,1002734054,that
train_landmark_files/22343-1002776784.pt,22343,1002776784,black
train_landmark_files/37779-1002801453.pt,37779,1002801453,yourself
train_landmark_files/62590-1002825266.pt,62590,1002825266,open
train_landmark_files/62590-1002885072.pt,62590,1002885072,alligator
train_landmark_files/53618-100293231.pt,53618,100293231,wet
train_landmark_files/18796-1002976391.pt,18796,1002976391,closet
train_landmark_files/37055-1003007869.pt,37055,1003007869,moon
train_landmark_files/28656-1003023196.pt,28656,1003023196,find
train_landmark_files/61333-1003093029.pt,61333,1003093029,pizza
train_landmark_files/37055-1003109377.pt,37055,1003109377,shhh
train_landmark_files/18796-1003114245.pt,18796,1003114245,fast
train_landmark_files/28656-1003256778.pt,28656,1003256778,jacket
train_landmark_files/26734-100328364.pt,26734,100328364,scissors
train_landmark_files/36257-1003335907.pt,36257,1003335907,now
train_landmark_files/22343-1003347075.pt,22343,1003347075,TV
train_landmark_files/28656-1003351443.pt,28656,1003351443,wake
train_landmark_files/53618-1003370644.pt,53618,1003370644,man
train_landmark_files/2044-1003433922.pt,2044,1003433922,sticky
train_landmark_files/55372-1003483016.pt,55372,1003483016,jump
train_landmark_files/34503-1003483410.pt,34503,1003483410,sleep
train_landmark_files/62590-1003498206.pt,62590,1003498206,sun
train_landmark_files/28656-1003656851.pt,28656,1003656851,first
train_landmark_files/49445-1003700302.pt,49445,1003700302,yellow
train_landmark_files/37055-1003705747.pt,37055,1003705747,brother
train_landmark_files/25571-100387913.pt,25571,100387913,grass
train_landmark_files/37055-100393298.pt,37055,100393298,uncle
train_landmark_files/30680-1004012212.pt,30680,1004012212,fish
train_landmark_files/22343-1004053083.pt,22343,1004053083,scissors
train_landmark_files/49445-1004160575.pt,49445,1004160575,cowboy
train_landmark_files/18796-1004199462.pt,18796,1004199462,snow
train_landmark_files/32319-1004200659.pt,32319,1004200659,dryer
train_landmark_files/16069-10042041.pt,16069,10042041,green
train_landmark_files/16069-1004211348.pt,16069,1004211348,bug
train_landmark_files/26734-1004212902.pt,26734,1004212902,nap
train_landmark_files/28656-1004220316.pt,28656,1004220316,feet
train_landmark_files/2044-1004220951.pt,2044,1004220951,yucky
train_landmark_files/37779-1004278047.pt,37779,1004278047,morning
train_landmark_files/29302-1004285193.pt,29302,1004285193,brother
train_landmark_files/22343-1004302418.pt,22343,1004302418,sad
train_landmark_files/53618-1004317038.pt,53618,1004317038,face
train_landmark_files/16069-100438640.pt,16069,100438640,penny
train_landmark_files/27610-1004456612.pt,27610,1004456612,mitten
train_landmark_files/26734-1004515043.pt,26734,1004515043,go
train_landmark_files/30680-1004525587.pt,30680,1004525587,gift
train_landmark_files/27610-1004578262.pt,27610,1004578262,open
train_landmark_files/27610-1004604376.pt,27610,1004604376,night
train_landmark_files/26734-100465528.pt,26734,100465528,hair
train_landmark_files/49445-1004659234.pt,49445,1004659234,who
train_landmark_files/37779-1004670955.pt,37779,1004670955,think
train_landmark_files/30680-1004717211.pt,30680,1004717211,snow
train_landmark_files/29302-100475774.pt,29302,100475774,look
train_landmark_files/2044-1004782423.pt,2044,1004782423,look
train_landmark_files/55372-1004789884.pt,55372,1004789884,brown
train_landmark_files/2044-1004871290.pt,2044,1004871290,mad
train_landmark_files/2044-1004940627.pt,2044,1004940627,bed
train_landmark_files/28656-100496782.pt,28656,100496782,cute
train_landmark_files/27610-100498908.pt,27610,100498908,drink
train_landmark_files/16069-1005009451.pt,16069,1005009451,stay
train_landmark_files/26734-1005029875.pt,26734,1005029875,bug
train_landmark_files/49445-1005031823.pt,49445,1005031823,flag
train_landmark_files/55372-1005052722.pt,55372,1005052722,tooth
train_landmark_files/34503-1005088445.pt,34503,1005088445,awake
train_landmark_files/30680-1005102931.pt,30680,1005102931,thankyou
train_landmark_files/32319-100515039.pt,32319,100515039,hot
train_landmark_files/25571-1005153432.pt,25571,1005153432,brown
train_landmark_files/36257-1005189210.pt,36257,1005189210,like
train_landmark_files/16069-1005223850.pt,16069,1005223850,where
train_landmark_files/4718-1005394128.pt,4718,1005394128,hesheit
train_landmark_files/36257-1005422610.pt,36257,1005422610,potty
train_landmark_files/2044-1005467898.pt,2044,1005467898,time
train_landmark_files/61333-1005476876.pt,61333,1005476876,down
train_landmark_files/16069-1005492440.pt,16069,1005492440,old
train_landmark_files/26734-1005584284.pt,26734,1005584284,sick
train_landmark_files/2044-1005687002.pt,2044,1005687002,stuck
train_landmark_files/37055-1005734995.pt,37055,1005734995,no
train_landmark_files/61333-1005826772.pt,61333,1005826772,head
train_landmark_files/22343-100585188.pt,22343,100585188,down
train_landmark_files/32319-1005865446.pt,32319,1005865446,orange
train_landmark_files/36257-1005866711.pt,36257,1005866711,food
train_landmark_files/62590-1005973605.pt,62590,1005973605,sad
train_landmark_files/25571-1005995721.pt,25571,1005995721,hungry
train_landmark_files/16069-1006058791.pt,16069,1006058791,apple
train_landmark_files/18796-1006073467.pt,18796,1006073467,sick
train_landmark_files/18796-1006108133.pt,18796,1006108133,morning
train_landmark_files/18796-1006174925.pt,18796,1006174925,stay
train_landmark_files/37055-1006223282.pt,37055,1006223282,pretty
train_landmark_files/26734-1006264561.pt,26734,1006264561,owie
train_landmark_files/30680-1006302094.pt,30680,1006302094,flag
train_landmark_files/55372-1006402771.pt,55372,1006402771,nuts
train_landmark_files/49445-1006440534.pt,49445,1006440534,face
train_landmark_files/16069-1006443357.pt,16069,1006443357,animal
train_landmark_files/49445-1006462059.pt,49445,1006462059,clean
train_landmark_files/53618-100646867.pt,53618,100646867,finger
train_landmark_files/18796-1006488300.pt,18796,1006488300,green
train_landmark_files/28656-1006548504.pt,28656,1006548504,callonphone
train_landmark_files/34503-1006554061.pt,34503,1006554061,say
train_landmark_files/37779-1006573792.pt,37779,1006573792,frog
train_landmark_files/22343-1006584947.pt,22343,1006584947,finish
train_landmark_files/49445-1006585242.pt,49445,1006585242,owl
train_landmark_files/37055-1006625592.pt,37055,1006625592,beside
train_landmark_files/4718-1006690809.pt,4718,1006690809,bird
train_landmark_files/28656-1006698125.pt,28656,1006698125,noisy
train_landmark_files/53618-1006736862.pt,53618,1006736862,water
train_landmark_files/62590-1006742163.pt,62590,1006742163,weus
train_landmark_files/22343-1006778422.pt,22343,1006778422,happy
train_landmark_files/34503-1006899334.pt,34503,1006899334,stuck
train_landmark_files/27610-1006973536.pt,27610,1006973536,bug
train_landmark_files/36257-1007054441.pt,36257,1007054441,say
train_landmark_files/16069-1007073382.pt,16069,1007073382,sticky
train_landmark_files/16069-1007127288.pt,16069,1007127288,owie
train_landmark_files/4718-1007273104.pt,4718,1007273104,white
train_landmark_files/62590-100728423.pt,62590,100728423,bye
train_landmark_files/61333-1007285542.pt,61333,1007285542,high
train_landmark_files/55372-1007289801.pt,55372,1007289801,fine
train_landmark_files/61333-1007294943.pt,61333,1007294943,shirt
train_landmark_files/32319-1007313467.pt,32319,1007313467,finish
train_landmark_files/16069-1007343357.pt,16069,1007343357,boat
train_landmark_files/32319-1007376023.pt,32319,1007376023,all
train_landmark_files/29302-1007439131.pt,29302,1007439131,tiger
train_landmark_files/61333-1007466376.pt,61333,1007466376,duck
train_landmark_files/36257-1007470312.pt,36257,1007470312,pencil
train_landmark_files/16069-1007589714.pt,16069,1007589714,sleepy
train_landmark_files/32319-1007595679.pt,32319,1007595679,moon
train_landmark_files/37779-1007636570.pt,37779,1007636570,tooth
train_landmark_files/27610-1007714989.pt,27610,1007714989,puzzle
train_landmark_files/29302-1007771619.pt,29302,1007771619,grandma
train_landmark_files/18796-1007844942.pt,18796,1007844942,chocolate
train_landmark_files/61333-1007883975.pt,61333,1007883975,alligator
train_landmark_files/62590-1007921043.pt,62590,1007921043,not
train_landmark_files/29302-1007921584.pt,29302,1007921584,haveto
